id,lang,text,gold
fi_anger_01,fi,Sinulla ei ole oikeutta tehdä niin.,anger
fi_anger_02,fi,"Hankkikaa vankeja, onko selvä?",anger
fi_anger_03,fi,En ole vastuussa Filipille teoistani - tai alamaisteni teoista.,anger
fi_anger_04,fi,Alkaa huutaa saatana sitä ja saatana tätä.,anger
fi_anger_05,fi,Nyt minun on ilmoitettava sinusta viranomaisille.,anger
fi_anger_06,fi,"Oli miten oli, en välitä hittojakaan.",anger
fi_anger_07,fi,Tästä lähtien kerrot minulle kaiken.,anger
fi_anger_08,fi,Tee se täsmälleen niinkuin sanon ja ei ole ongelmia.,anger
fi_anger_09,fi,Kyllä ne vielä joskus saadaan.,anger
fi_anger_10,fi,Antakaa meidän tehdä työtämme.,anger
fi_anger_11,fi,Älä sano mitään Kidistä tai muista minun piirikunnassani.,anger
fi_anger_12,fi,Teidän lomanne saa nyt odottaa.,anger
fi_anger_13,fi,Otetaan heidät kiinni ja pakotetaan puhumaan.,anger
fi_anger_14,fi,Anna rahat jos kadut.,anger
fi_anger_15,fi,Seiso vain siinä väittelemässä.,anger
fi_anger_16,fi,Se narttu oli tappaa minut.,anger
fi_anger_17,fi,Mitä hemmettiä täällä on tekeillä?,anger
fi_anger_18,fi,Hän todella näyttää tuntevan miehesi.,anger
fi_anger_19,fi,Vai et tosiaankaan halua.,anger
fi_anger_20,fi,Tule äläkä kysele mitään.,anger
fi_anger_21,fi,"Poikaseni, Eddie sanoi, maksoit vain katsomisesta.",anger
fi_anger_22,fi,Mitä hittoa siellä tapahtuu?,anger
fi_anger_23,fi,Miten niin en ole sitä tyyppiä?,anger
fi_anger_24,fi,Kirjoititteko minulle vai ette?,anger
fi_anger_25,fi,Healyjä ei ärsytetä rangaistuksetta.,anger
fi_anticipation_01,fi,Tavataan sitten kun unohdatte Wilkesin.,anticipation
fi_anticipation_02,fi,Sain anella häntä hyväksymään luottokortin.,anticipation
fi_anticipation_03,fi,Pariisi tekee sinulle hyvää.,anticipation
fi_anticipation_04,fi,Tuon apua jos pystyn.,anticipation
fi_anticipation_05,fi,"Ajattelin, että voin täällä laihduttaa muutaman kilon.",anticipation
fi_anticipation_06,fi,"Voisimme olla rikkaita, jos haluat.",anticipation
fi_anticipation_07,fi,Lähden kotiin seuraavalla koneella.,anticipation
fi_anticipation_08,fi,Näinköhän paroni haluaisi tulla kauniiseen huoneeseeni?,anticipation
fi_anticipation_09,fi,Tulitko osoittamaan kunnioitusta Borikselle?,anticipation
fi_anticipation_10,fi,"Haluan sinut kellariin, Helen.",anticipation
fi_anticipation_11,fi,Lupasin ruumiini eräälle naiselle.,anticipation
fi_anticipation_12,fi,Voimmeko lähteä pois täältä?,anticipation
fi_anticipation_13,fi,"ÄIkää unohtako, että kaveri on pilvessä. Hän luulee kuolevansa.",anticipation
fi_anticipation_14,fi,"Muistathan ne mainokset, joissa esiinnyit?",anticipation
fi_anticipation_15,fi,"Arvaa, kuka tulee syömään.",anticipation
fi_anticipation_16,fi,"Voinko varastaa hänet hetkeksi, herra Poirot?",anticipation
fi_anticipation_17,fi,Onko meillä seksikäs miehistö?,anticipation
fi_anticipation_18,fi,Tulen takaisin luoksesi hyvin pian ja kirjoitan usein.,anticipation
fi_anticipation_19,fi,Joku päivä kerron hänelle sen mitä ajattelen hänestä.,anticipation
fi_anticipation_20,fi,"Katsokaa, näytän teille kiintoisat kohdat.",anticipation
fi_anticipation_21,fi,Minulla on sinulle jotain.,anticipation
fi_anticipation_22,fi,Linjat ovat auki. Odotamme innolla puheluja.,anticipation
fi_anticipation_23,fi,"Dickson, haluan puhua pankista.",anticipation
fi_anticipation_24,fi,Haluatko näytteen rauhallisesta kohtauksesta?,anticipation
fi_anticipation_25,fi,Juomme yhden drinkin ja lähdemme.,anticipation
fi_disgust_01,fi,"Tuhmat jutut ovat OK. Jopa leffat, mutta tyttöjä en kestä.",disgust
fi_disgust_02,fi,Kunpa se olisikin kenen muun tahansa.,disgust
fi_disgust_03,fi,Mies joka saapuisi tänne neitsyenä.,disgust
fi_disgust_04,fi,Olisivatko kolumbialaiset jättäneet johtajansa roikkumaan ja tytön alastomana lattialle?,disgust
fi_disgust_05,fi,Kunnon piiskaus tekisi sinulle hyvää.,disgust
fi_disgust_06,fi,Se... se viettelijä ja häpäisijä on pysäytettävä.,disgust
fi_disgust_07,fi,Alat haisemaan ja pierimään. Ja kaikki ystäväsi ovat kuolleet.,disgust
fi_disgust_08,fi,"Kuulkaas, ei tämä ole mikään Kiina tai Korea.",disgust
fi_disgust_09,fi,Ei ole syytä heittäytyä sarkastiseksi.,disgust
fi_disgust_10,fi,"En, minä menen nyt.",disgust
fi_disgust_11,fi,"Asiat menevät päin helvettiä, vai mitä?",disgust
fi_disgust_12,fi,"Olisimmeko hyväksyneet hänen tappamisensa jo viattomana lapsena, tai hänen äitinsä tappamisen, tai kaukaisten esi-isien?",disgust
fi_disgust_13,fi,On töykeää kieltäytyä tanssimasta Mimin kanssa.,disgust
fi_disgust_14,fi,Miksi vanhemmat rakastavat ketään lasta?,disgust
fi_disgust_15,fi,"En jaksa enää tätä, en ole lapsenvahtinne.",disgust
fi_disgust_16,fi,"Kun kuvittelit itsesi vietäväksi - tähän kuvitteelliseen kaupunkiin, Midianiin, - mitä syntejä olisit saanut anteeksi?",disgust
fi_disgust_17,fi,Ette voi hotkia kuin työläinen Wilkesien luona.,disgust
fi_disgust_18,fi,Miksi et tee kurjalle perseellesi palvelusta?,disgust
fi_disgust_19,fi,Onpa hän oikein hienostuneisuuden perikuva.,disgust
fi_disgust_20,fi,Ärsyttävätkö ne kuhertelijat sinuakin?,disgust
fi_disgust_21,fi,Ihmiset ovat niin töykeitä.,disgust
fi_disgust_22,fi,"Ja lopun ihmiskunnalle, joka on riivannut tätä kaunista planeettaamme jo liian kauan.",disgust
fi_disgust_23,fi,Rakkautesi ei kuitenkaan ylitä vallanhimoasi.,disgust
fi_disgust_24,fi,"Paha kuningas on paha kuningas, ja kuningas Jaakko vielä pahempi.",disgust
fi_disgust_25,fi,Hyppää tähän hemmetin autoon!,disgust
fi_fear_01,fi,En voinut kertoa siitä kenellekään.,fear
fi_fear_02,fi,Kuinka paljon aikaa on?,fear
fi_fear_03,fi,"Ja tuo pelottaa minua, poika.",fear
fi_fear_04,fi,"Mieheni tappaa minut, kun hän saa tietää.",fear
fi_fear_05,fi,"Varo, se on kuuma.",fear
fi_fear_06,fi,Mä en halua aiheuttaa ongelmia.,fear
fi_fear_07,fi,"Mike, olin hirveän peloissani.",fear
fi_fear_08,fi,Paholaisen silmiä ei näe - ennenkuin ne ovat suunnattuna sinuun.,fear
fi_fear_09,fi,Ryöstäjä on yksin ja aseistettu.,fear
fi_fear_10,fi,Hän vetää liipaisimesta ja sillä hetkellä herään kirkuen.,fear
fi_fear_11,fi,"En tiennyt, mitä tein.",fear
fi_fear_12,fi,"Uskokaa minua, kun sanon, että me luultavasti kuolemme.",fear
fi_fear_13,fi,En halunnut tätä! - Ei!,fear
fi_fear_14,fi,Meidän täytyy saada Sarah lääkäriin.,fear
fi_fear_15,fi,Näetkö aseen hänen kädessään?,fear
fi_fear_16,fi,"En selviä hengissä, jos pysyn tässä junassa.",fear
fi_fear_17,fi,New York pelottaa minua.,fear
fi_fear_18,fi,"En tiedä, miten sanoisin...",fear
fi_fear_19,fi,"Koneella on juttu, jonka papereita ei löydy.",fear
fi_fear_20,fi,"Tein sen uudelleen ja uudelleen, - mutta se vain johdatti minua tänne.",fear
fi_fear_21,fi,Me olemme pahoissa vaikeuksissa.,fear
fi_fear_22,fi,"Tiedätkö mitä minulle tapahtuu, jos silta ei ole ajoissa valmis?",fear
fi_fear_23,fi,Minäkään en haluaisi tätä.,fear
fi_fear_24,fi,"En tiedä vielä miten, mutta luotan todistajaan - ja sen takia minun pitää lähteä.",fear
fi_fear_25,fi,"Anoppi tulee sättimään minua, koska en antanut hänen muuttaa meille.",fear
fi_joy_01,fi,Onneksi tämä tuli ilmi nyt.,joy
fi_joy_02,fi,"En muista, koska yleisö olisi ollut yhtä haltioissaan.",joy
fi_joy_03,fi,Minä olen tässä kirjassa?,joy
fi_joy_04,fi,"Sano nyt, että olet iloinen siitä.",joy
fi_joy_05,fi,Sinulla on yhä terveytesi.,joy
fi_joy_06,fi,Teit kiltisti kun peruit treffit.,joy
fi_joy_07,fi,"Minä juon, kun pidän hauskaa.",joy
fi_joy_08,fi,Se oli varmaan mukavaa.,joy
fi_joy_09,fi,"Timantteja hiuksiisi, rubiineja sormiisi.",joy
fi_joy_10,fi,"Olisitpa nähnyt rahat, äiti.",joy
fi_joy_11,fi,"Ei muuta kuin vatsa täyteen, niin heti ollaan niin rakastajaa.",joy
fi_joy_12,fi,Hän on ihana lapsi.,joy
fi_joy_13,fi,Eikä tämä olekin hienoa?,joy
fi_joy_14,fi,"Kiva verstas sinulla, Harry.",joy
fi_joy_15,fi,Niin sen kuuluukin olla.,joy
fi_joy_16,fi,Minähän olen itse mestari siinä.,joy
fi_joy_17,fi,Minä nappasin jo isän.,joy
fi_joy_18,fi,Hyvin se on sinua palvellut.,joy
fi_joy_19,fi,Minä taas haluan juotavaa.,joy
fi_joy_20,fi,Tosin ne näyttävät paremmalta ylläsi.,joy
fi_joy_21,fi,Kiitos kukista ja kaikesta muustakin.,joy
fi_joy_22,fi,Hyvä että edes saan jakaa valtani kanssasi.,joy
fi_joy_23,fi,"Olen tarkallisesti kolme tuumaa pitkä, ja se on oikein hyvä pituus.",joy
fi_joy_24,fi,Viktor on hurmaava mies.,joy
fi_joy_25,fi,Hän oli hyvä meille.,joy
fi_sadness_01,fi,Lähes $400.000 on maksamatta.,sadness
fi_sadness_02,fi,Siellä on tiukkaa jo nyt.,sadness
fi_sadness_03,fi,Hän ei näyttänyt hyvältä viime yönä.,sadness
fi_sadness_04,fi,"Onko sinusta parempi meille kaikille, että muutat pois?",sadness
fi_sadness_05,fi,Myöhäistä. 50 sekuntia aikaa.,sadness
fi_sadness_06,fi,Makasin koulun väittelyklubilaisten kanssa.,sadness
fi_sadness_07,fi,Että hän oli joskus lapsi.,sadness
fi_sadness_08,fi,"Minun piti järjestää yllätysjuhlat, mutta sekkiä ei voitu lunastaa.",sadness
fi_sadness_09,fi,Sinun on rakastettava toista.,sadness
fi_sadness_10,fi,Sinä se et muutu koskaan.,sadness
fi_sadness_11,fi,"sitten yhtenä iltana puhuimme siitä, miten vihasimme elämäämme - ja miten emme olleet tehneet itsestämme mitään erikoista.",sadness
fi_sadness_12,fi,Tämä on lohduton näyttämö.,sadness
fi_sadness_13,fi,"Isäsi kuolema oli valtava tragedia, ei vain perheelle vaan myös poliisivoimille.",sadness
fi_sadness_14,fi,Kai minä jotain voin tehdä?,sadness
fi_sadness_15,fi,Pieni osa minusta on kuollut joka päivä kuuden vuoden ajan.,sadness
fi_sadness_16,fi,Hänestä ei ollut juuri iloa.,sadness
fi_sadness_17,fi,"On selvää, että lapsi on tasapainoton.",sadness
fi_sadness_18,fi,En halunnut aiheuttaa vaikeuksia.,sadness
fi_sadness_19,fi,Saamme paljon moitteita vanhemmilta.,sadness
fi_sadness_20,fi,Hän lukitsi minut tänne.,sadness
fi_sadness_21,fi,"Ajat ovat muuttuneet, Charlie.",sadness
fi_sadness_22,fi,"Sääli, ettei paikalla ollut useampia kuulijoita.",sadness
fi_sadness_23,fi,"Anteeksi, jos pilasin vedoksen.",sadness
fi_sadness_24,fi,"Nyt on liian myöhäistä katua, Victor.",sadness
fi_sadness_25,fi,Tällaista kaveria ei olisi pitänyt päästää tänne alun alkaenkaan.,sadness
fi_surprise_01,fi,Miksi et lähtenyt mukaan?,surprise
fi_surprise_02,fi,Mitä tämä oikein on?,surprise
fi_surprise_03,fi,Rommel ei ollut Afrikassa taistelun alkaessa.,surprise
fi_surprise_04,fi,"Miksi teit sen, Andy?",surprise
fi_surprise_05,fi,Miten sinä sitten laulat?,surprise
fi_surprise_06,fi,"Menisitkö alakertaan ja näyttäisit isällesi, mitä teit tänään?",surprise
fi_surprise_07,fi,"Uskotko, että tämä ei nouse, nuori mies?",surprise
fi_surprise_08,fi,Edes jonkin kadun nimeä?,surprise
fi_surprise_09,fi,Näin juuri tosi outoa unta.,surprise
fi_surprise_10,fi,Luulimme kaikki sinun kuolleen.,surprise
fi_surprise_11,fi,Mutta uskotteko todellakin että toimimalla tietoisesti nyt voisimme poistaa tämän mahdollisuuden ja muuttaa tulevaisuutta?,surprise
fi_surprise_12,fi,"Veitkö ne rahat, kun nukuin?",surprise
fi_surprise_13,fi,Yksi mies vaientaa koko valtion?,surprise
fi_surprise_14,fi,Ja siinä näkyy - eläinten vertaja suuria määriä kortisonia.,surprise
fi_surprise_15,fi,"Anoppisi selitti asian minulle. Minua ihmetyttää se, ettei eristysnauhassa ollut pölyä.",surprise
fi_surprise_16,fi,Vai olinko minä tulevaisuuden ihminen?,surprise
fi_surprise_17,fi,"En tiennyt, että meillä oli suhde.",surprise
fi_surprise_18,fi,Enkö voisi viedä sitä San Berdoon korjattavaksi?,surprise
fi_surprise_19,fi,Etkö huomannut pessaaria ruumiinavauksessa?,surprise
fi_surprise_20,fi,Kuka olisi niin tyhmä?,surprise
fi_surprise_21,fi,"Haluatteko, että menen sinne?",surprise
fi_surprise_22,fi,He kutsuivat itseään Syntisiksi. Ihan totta.,surprise
fi_surprise_23,fi,"Miksi haluat tehdä itsestäsi tämän tylsän alan orjan - kun voisit olla upealla jahdilla, upean miehen kanssa - vieraillen Kreikan saarilla ja kierrellen maailmaa.",surprise
fi_surprise_24,fi,Mitä varten nuo rahat ovat?,surprise
fi_surprise_25,fi,Olet ollut yli viikon poissa.,surprise
fi_trust_01,fi,On kätevämpää kirjoittaa kirjani täällä.,trust
fi_trust_02,fi,Taidatpa olla oikeassa. Ehkä se on Krokotiilirotkossa.,trust
fi_trust_03,fi,Me oppinut paljon teiltä.,trust
fi_trust_04,fi,Milloin ja missä tahansa.,trust
fi_trust_05,fi,"Tämä on kunniallinen yritys, eikä siinä ole mitään vikaa.",trust
fi_trust_06,fi,Sinulla on kyllä sana hallussa.,trust
fi_trust_07,fi,"En tiedä mitä olisin tehnyt, jos et olisi ollut paikalla.",trust
fi_trust_08,fi,Toivottavasti osaat pitää huolta itsestäsi.,trust
fi_trust_09,fi,Meidän on annettava ihmisille toivoa.,trust
fi_trust_10,fi,"Tämä on kokenut suu, eikö niin, Sylvester?",trust
fi_trust_11,fi,Ymmärrämme toisiamme oikein hyvin.,trust
fi_trust_12,fi,Kapteenilla on myös rehelliset kasvot.,trust
fi_trust_13,fi,"Hän haluaa olla opastajani, ja sitä juuri kaipaan.",trust
fi_trust_14,fi,Ei kannata jäädä kieriskelemään itsesäälissä.,trust
fi_trust_15,fi,"Luulen, että se kestää meidät.",trust
fi_trust_16,fi,Joku tulee vielä ja pääsemme pois täältä.,trust
fi_trust_17,fi,Minun on oltava rehellinen.,trust
fi_trust_18,fi,Tämä on piakkoin ohi.,trust
fi_trust_19,fi,"Ellen kapua ylöspäin, aerobinen teho katoaa, hupsu.",trust
fi_trust_20,fi,"Et, paitsi jos olet hullu, etkä sinä ole hullu.",trust
fi_trust_21,fi,"Tuo on toistaiseksi tärkein todiste, minkä olemme kuulleet.",trust
fi_trust_22,fi,Tarvitsen apua peseytymisessä ja vaatteiden vaihdossa.,trust
fi_trust_23,fi,Henkilökohtaisesti kunnioitan Rusty Sabichia.,trust
fi_trust_24,fi,Löydämme kyllä Dannyn tappaneen henkilön.,trust
fi_trust_25,fi,Minun mielestäni se on täysin mahdollista.,trust
en_anger_01,en,He'll never see another if he doesn't learn about [PERSON]'s artillery .,anger
en_anger_02,en,You got a big nose and you're sticking it too far in my business .,anger
en_anger_03,en,"[PERSON] , don't press it this time .",anger
en_anger_04,en,Don't try to change the subject .,anger
en_anger_05,en,We got nothing to talk about .,anger
en_anger_06,en,I do not know !,anger
en_anger_07,en,Helping me . This isn't helpful .,anger
en_anger_08,en,No time to argue .,anger
en_anger_09,en,You have to have enough imagination to visualize the crime .,anger
en_anger_10,en,We ain't never been friends .,anger
en_anger_11,en,"There's no need for you to try and scare us , Mr. [PERSON] .",anger
en_anger_12,en,I ain't gonna call her any more .,anger
en_anger_13,en,"You put my eye out , you bitches !",anger
en_anger_14,en,I told you I didn't want any calls .,anger
en_anger_15,en,"That's what you're always talking about , helping other people out !",anger
en_anger_16,en,"And I want a list of everybody's budgets , research accounts and financials on my desk by tomorrow .",anger
en_anger_17,en,"Get going , [PERSON] ! [PERSON] !",anger
en_anger_18,en,There's just this one hammer .,anger
en_anger_19,en,Don't be sneaking up on me like that .,anger
en_anger_20,en,Close the hatch !,anger
en_anger_21,en,Shut that door !,anger
en_anger_22,en,"So this is what it's gonna be , huh ?",anger
en_anger_23,en,Are we gonna rescue an old man or stand here and argue ?,anger
en_anger_24,en,Are my glasses there ? Eh ... no .,anger
en_anger_25,en,You know I don't understand that shit .,anger
en_anticipation_01,en,"God , I've got ta be with her , at least till she learns my name .",anticipation
en_anticipation_02,en,And so do you consider yourself human ?,anticipation
en_anticipation_03,en,I'm going right down .,anticipation
en_anticipation_04,en,"All right , mister , you know the routine .",anticipation
en_anticipation_05,en,Don't go to him in anger . Go and warn him .,anticipation
en_anticipation_06,en,"And now , I'll show you the greatest attraction of all .",anticipation
en_anticipation_07,en,"So , what happened after he climbed up the tower and rescued her ?",anticipation
en_anticipation_08,en,"Yeah , but what do you think about the rest of it ?",anticipation
en_anticipation_09,en,He's looking for me .,anticipation
en_anticipation_10,en,Get anything yet ?,anticipation
en_anticipation_11,en,I have information for you .,anticipation
en_anticipation_12,en,I want to play the pain in [PERSON] .,anticipation
en_anticipation_13,en,May I take a look ? Sure .,anticipation
en_anticipation_14,en,You want a beer ?,anticipation
en_anticipation_15,en,You like that Beaujolais don't you ?,anticipation
en_anticipation_16,en,I ran a make on that guy we've been seeing all over town . Turns out to be --,anticipation
en_anticipation_17,en,"Hey , you got ta come in and see this one .",anticipation
en_anticipation_18,en,Then you'll finally be rid of me .,anticipation
en_anticipation_19,en,Do any good ?,anticipation
en_anticipation_20,en,I want to talk to my brothers .,anticipation
en_anticipation_21,en,"And when you win Oscars , both of you , you'll look in the camera and thank me .",anticipation
en_anticipation_22,en,Find out anything ?,anticipation
en_anticipation_23,en,I think we'd better have a drink .,anticipation
en_anticipation_24,en,This is a whole new world to me .,anticipation
en_anticipation_25,en,I'm dead but I'm still functioning .,anticipation
en_disgust_01,en,Course they gave him a big hunk of money for a settlement . Don't nobody know how much it was .,disgust
en_disgust_02,en,"With the speechwriting , I don't want to do it anymore .",disgust
en_disgust_03,en,That makes no sense .,disgust
en_disgust_04,en,Anything that man tells me will be a lie .,disgust
en_disgust_05,en,He walks into the house without even knocking .,disgust
en_disgust_06,en,You're the very animals I was coming to see !,disgust
en_disgust_07,en,Most people think they're beautiful dresses on beautiful women .,disgust
en_disgust_08,en,Because you like power .,disgust
en_disgust_09,en,"You're too little and weak , like a girl .",disgust
en_disgust_10,en,"Why , [PERSON] , what a thing to say !",disgust
en_disgust_11,en,"Bought in to fool people into thinking they were aliens , yeah .",disgust
en_disgust_12,en,They must have picked the prize dummy .,disgust
en_disgust_13,en,"You're my boss , that's it .",disgust
en_disgust_14,en,"He likes to kick the shit out of white trash like you , boy .",disgust
en_disgust_15,en,"Walk like a man , for God's sake !",disgust
en_disgust_16,en,And I don't like nobody touching my stuff !,disgust
en_disgust_17,en,It is of no concern to me,disgust
en_disgust_18,en,You're suffering from small eyes and fat asses .,disgust
en_disgust_19,en,Which I will never understand .,disgust
en_disgust_20,en,How you hate the villain .,disgust
en_disgust_21,en,What is it now ?,disgust
en_disgust_22,en,It's because of you people that I can not get outside !,disgust
en_disgust_23,en,"Look around , dummy . You see any wires ?",disgust
en_disgust_24,en,"No , he has other things to do than spend his money on stupid things",disgust
en_disgust_25,en,"Sweetheart , the opinion of a madman doesn't impress me or anyone else .",disgust
en_fear_01,en,I didn't know anybody was going to be killed .,fear
en_fear_02,en,Open your eyes !,fear
en_fear_03,en,These are death row inmates !,fear
en_fear_04,en,"Oh , for [PERSON]'s sake , don't say anything about that around here .",fear
en_fear_05,en,"Come on , it's me , [PERSON] .",fear
en_fear_06,en,"Mister , is this Heaven here or not ?",fear
en_fear_07,en,I just hope there's no snakes round here .,fear
en_fear_08,en,It was an accident .,fear
en_fear_09,en,I'd be too scared to do it .,fear
en_fear_10,en,Isn't that rather exposing the First Lady to some risk ?,fear
en_fear_11,en,"I am aware of that , but to be seen together could be disastrous for us both .",fear
en_fear_12,en,"Since he found out we're behind it , he's been running us ragged .",fear
en_fear_13,en,That's quite a knife you carry .,fear
en_fear_14,en,"Oh , God .",fear
en_fear_15,en,I ended up in the hospital .,fear
en_fear_16,en,So my father was murdered .,fear
en_fear_17,en,It concerns me !,fear
en_fear_18,en,I view with alarm the influence over you of this Bolshevik lady .,fear
en_fear_19,en,There are men in the house with guns .,fear
en_fear_20,en,"Stay in the car , they'll tear you apart .",fear
en_fear_21,en,Right in the middle of our celebration ... the firebase got hit by a mortar attack .,fear
en_fear_22,en,"Father , I've led such a sinful life .",fear
en_fear_23,en,"There's no way to make this easy , [PERSON] .",fear
en_fear_24,en,There's gas coming out of the wing .,fear
en_fear_25,en,I didn't know what to do .,fear
en_joy_01,en,Everybody comes here .,joy
en_joy_02,en,I am seeing .,joy
en_joy_03,en,I got my coat back !,joy
en_joy_04,en,♪ Fed his crew on worms and fishes ' gills for breakfast ♪,joy
en_joy_05,en,"Ever since the first day I laid eyes on you , I knew I had to be yours and yours alone .",joy
en_joy_06,en,"Nutritionally speaking , it is exquisite .",joy
en_joy_07,en,We actually did recoveries of crashed saucers .,joy
en_joy_08,en,I'm just fine .,joy
en_joy_09,en,"Look at me , I'm free !",joy
en_joy_10,en,That is darling .,joy
en_joy_11,en,We've been doin' real good .,joy
en_joy_12,en,Here [PERSON] is .,joy
en_joy_13,en,"All right . Mind your shoving ' , mate .",joy
en_joy_14,en,It was a pleasure to have the general here .,joy
en_joy_15,en,I've got some sandwiches in my pack .,joy
en_joy_16,en,That's a nice outfit .,joy
en_joy_17,en,"Well , that's very thoughtful of you .",joy
en_joy_18,en,That's very good .,joy
en_joy_19,en,"Thank you , Mr. [PERSON] .",joy
en_joy_20,en,I bet she's nice .,joy
en_joy_21,en,"Glad to have you with us , Big Casino .",joy
en_joy_22,en,This is adorable .,joy
en_joy_23,en,"Yes , Rock .",joy
en_joy_24,en,"I really hope you find happiness , and if you're ever in need of anything , like someone to love , don't hesitate to call me .",joy
en_joy_25,en,That was the happiest night he ever had .,joy
en_sadness_01,en,There's nothing you can do .,sadness
en_sadness_02,en,It makes me sad .,sadness
en_sadness_03,en,They always have that same look on their face ...,sadness
en_sadness_04,en,I hit him too hard .,sadness
en_sadness_05,en,"There was nothing that could be done for her , except wait .",sadness
en_sadness_06,en,"I don't want to sound like a Debbie the [PERSON] , but no matter how many times you come up against the Communications Decency Act it's always gonna shut you down .",sadness
en_sadness_07,en,"Yes , Ma found him slumped over his desk that morning ...",sadness
en_sadness_08,en,"Then if you did get me well and I went to him , you wouldn't like it .",sadness
en_sadness_09,en,Hey ! So I know I haven't been the best dad in the world .,sadness
en_sadness_10,en,"Forgive me , Father , for I have sinned .",sadness
en_sadness_11,en,I don't wan na see you split up .,sadness
en_sadness_12,en,"[PERSON] , I have the most terrible news for you .",sadness
en_sadness_13,en,My heart behaved like a fool .,sadness
en_sadness_14,en,"I'm sorry , I'm sorry .",sadness
en_sadness_15,en,"Good - bye , [PERSON] .",sadness
en_sadness_16,en,You don't seem very excited about it .,sadness
en_sadness_17,en,"But you had to wait till now , now when [PERSON]'s dying ... to show me that I could never mean any more to you ... than this Watling woman does to [PERSON] .",sadness
en_sadness_18,en,I was so miserable at the thought of you in trouble .,sadness
en_sadness_19,en,"I've got bad news for you , GJ .",sadness
en_sadness_20,en,"What that child got to stand , the good Lord give her strength to stand .",sadness
en_sadness_21,en,"We're looking at economic instability , we're looking at housing instability .",sadness
en_sadness_22,en,"So when I see you having all these things that I didn't have , I , like , live through your eyes .",sadness
en_sadness_23,en,I must be going senile .,sadness
en_sadness_24,en,I get to live in a place ... it's OK . Don't get me wrong . The air is clean .,sadness
en_sadness_25,en,This is awful .,sadness
en_surprise_01,en,Can't I have everything ?,surprise
en_surprise_02,en,If anyone had told me this morning that I'd decide to go to [LOCATION] ...,surprise
en_surprise_03,en,It must have been here all day .,surprise
en_surprise_04,en,Maybe it's me and [PERSON] .,surprise
en_surprise_05,en,I thought communications were out .,surprise
en_surprise_06,en,I rehearse my story . I try to think of all the questions they'll ask .,surprise
en_surprise_07,en,Can you imagine that guy ?,surprise
en_surprise_08,en,"All that money , [PERSON] ?",surprise
en_surprise_09,en,The President doesn't know it's occurring .,surprise
en_surprise_10,en,"I said , [PERSON] , you're already married .",surprise
en_surprise_11,en,The tree is alive ?,surprise
en_surprise_12,en,And did you believe this nonsense ?,surprise
en_surprise_13,en,But what's wrong with Sister [PERSON]'s habit ?,surprise
en_surprise_14,en,Don't you live at home ?,surprise
en_surprise_15,en,I don't believe it .,surprise
en_surprise_16,en,And what do you think those old geezers really miss in [LOCATION] ?,surprise
en_surprise_17,en,Isn't that what this is all about ?,surprise
en_surprise_18,en,He told you to tell me that too ?,surprise
en_surprise_19,en,Don't we need supplies ?,surprise
en_surprise_20,en,"Why would they arrest you , Father ?",surprise
en_surprise_21,en,You could tell just by looking at him that half the time he didn't know where he was .,surprise
en_surprise_22,en,"[PERSON] , they just caught this guy .",surprise
en_surprise_23,en,"It sounds ridiculous , but the soldiers never lifted a hand to stop us .",surprise
en_surprise_24,en,We have to look beyond normal .,surprise
en_surprise_25,en,You never used to drink it straight like that .,surprise
en_trust_01,en,We've solved problems before .,trust
en_trust_02,en,"With us , the police force , detectives , inspectors .",trust
en_trust_03,en,You promoted me .,trust
en_trust_04,en,"We'll take care of him , sir .",trust
en_trust_05,en,Barley's got three chances to make contact .,trust
en_trust_06,en,Little Man was very brave .,trust
en_trust_07,en,"I mean , he makes a very fine officer .",trust
en_trust_08,en,We thought you'd be safer on the ground .,trust
en_trust_09,en,"It's about time they brought them from the force into here , right ?",trust
en_trust_10,en,We all have our own ways of running a ship .,trust
en_trust_11,en,"Pecmans ? Buttissimo ? Ah , the old abba dabbas",trust
en_trust_12,en,My little [PERSON] .,trust
en_trust_13,en,You can depend on me for an additional overcall of 250 .,trust
en_trust_14,en,"Go ahead , you can be frank .",trust
en_trust_15,en,"You followed my advice and took your sperm to somebody who knows what to do with it , a surrogate mother .",trust
en_trust_16,en,I'll get you another one . Catch it .,trust
en_trust_17,en,"Take a vacation , let things cool off .",trust
en_trust_18,en,You deserve it .,trust
en_trust_19,en,"Here , we'll take care of this .",trust
en_trust_20,en,Just put me in your pocket and take me with you .,trust
en_trust_21,en,I got something here that belongs to you .,trust
en_trust_22,en,I will satisfy you .,trust
en_trust_23,en,But we like to be on a first - name basis with potential candidates .,trust
en_trust_24,en,You'll find I'm pretty well - connected here .,trust
en_trust_25,en,"You see yourself doing right , and you do right .",trust
